run_id,statistic,source,condition,score,p_value,ranking
4,consensus,ABL1,t,0.0342456818619861,0.972681239028139,484
4,consensus,AEBP1,t,0.0883254396159596,0.929618020079034,452
4,consensus,AHR,t,1.10119825698547,0.270810380156712,64
4,consensus,AHRR,t,-0.197432650837602,0.843488980763623,593
4,consensus,AIP,t,-0.278259148164623,0.780813433214241,628
4,consensus,AIRE,t,1.21223504621781,0.225422419622921,57
4,consensus,AP1,t,3.59214395584815,0.000327968581297467,8
4,consensus,APEX1,t,-0.119246449126503,0.905080108071463,559
4,consensus,AR,t,-0.208198073665293,0.835074312628786,600
4,consensus,ARID1A,t,0.22869184969554,0.819108429936327,372
4,consensus,ARID1B,t,-0.0257076873038559,0.979490492302821,515
4,consensus,ARID3A,t,0.0213245242116537,0.982986780793476,489
4,consensus,ARID3B,t,-0.563527546461456,0.573075707932765,689
4,consensus,ARID4A,t,-0.357437204808322,0.72076452843301,651
4,consensus,ARID4B,t,-0.587697499821518,0.556735354029576,690
4,consensus,ARID5B,t,-0.562640050628696,0.573680013979022,687
4,consensus,ARNT,t,0.190513033627198,0.848907130863994,390
4,consensus,ARX,t,0.170011089806206,0.865001415212807,404
4,consensus,ASCL1,t,0.457891269456,0.647030559563807,241
4,consensus,ASCL2,t,0.0472505380885445,0.962313548903328,476
4,consensus,ASXL1,t,0.428877355072084,0.668012480620278,260
4,consensus,ATF1,t,-0.118480436105237,0.905686995630173,557
4,consensus,ATF2,t,0.874302067819696,0.381953773529608,91
4,consensus,ATF3,t,0.786577701589377,0.431529116783919,113
4,consensus,ATF4,t,0.286409708005678,0.77456434009422,340
4,consensus,ATF5,t,0.176959423435107,0.859540261914037,400
4,consensus,ATF6,t,-0.19056839861028,0.848863750665349,591
4,consensus,ATF7,t,0.471833288669256,0.637045788143365,234
4,consensus,ATOH1,t,0.0431240337058139,0.96560266099053,478
4,consensus,ATOH7,t,0.754466963319717,0.450568875540884,123
4,consensus,BACH1,t,-0.467789487560694,0.639935139012923,675
4,consensus,BACH2,t,-0.44655705101298,0.655194911681856,667
4,consensus,BARX1,t,0.0990890520288639,0.921067564522599,447
4,consensus,BARX2,t,0.0763548286287957,0.93913680617582,459
4,consensus,BATF,t,0.591314918599109,0.554309435487558,181
4,consensus,BCL11A,t,0.228382069235922,0.819349227819951,373
4,consensus,BCL11B,t,-0.274799198747462,0.783470513716389,625
4,consensus,BCL3,t,0.184365832804335,0.853726471807786,395
4,consensus,BCL6,t,0.162666087043417,0.870781349909362,414
4,consensus,BCLAF1,t,-0.0197949912403073,0.984206913513118,511
4,consensus,BCOR,t,-0.241287756779573,0.80933209928631,611
4,consensus,BHLHA15,t,0.495883541188633,0.619976579048472,219
4,consensus,BHLHE40,t,0.282531133886972,0.777536277163186,342
4,consensus,BHLHE41,t,0.168874057653314,0.865895705093721,406
4,consensus,BMAL1,t,-0.147586580743455,0.882669046131433,576
4,consensus,BMAL2,t,0.448891578839424,0.6535098711977,248
4,consensus,BRCA1,t,0.456726361405357,0.647867740619968,242
4,consensus,BRD4,t,-0.913693392943319,0.360877976706543,724
4,consensus,BTG2,t,-0.313965529675119,0.753547219265482,639
4,consensus,CDX1,t,0.736630850461154,0.461346868733848,127
4,consensus,CDX2,t,1.24647550881106,0.212589875105475,53
4,consensus,CEBPA,t,1.91373256983885,0.0556543352163063,25
4,consensus,CEBPB,t,2.07260320388619,0.0382092226330853,18
4,consensus,CEBPD,t,1.69143176723618,0.0907543693321434,30
4,consensus,CEBPE,t,-0.0136702489613039,0.98909305911955,507
4,consensus,CEBPG,t,1.4487412200392,0.147409864478058,39
4,consensus,CEBPZ,t,0.613743648070042,0.53938474038191,174
4,consensus,CHD4,t,-0.167967553046679,0.866608805292803,585
4,consensus,CIITA,t,0.382308931613428,0.702232230502102,282
4,consensus,CLOCK,t,0.205700816202191,0.837024620957203,381
4,consensus,CREB1,t,2.00341255432356,0.0451330250460282,21
4,consensus,CREB3,t,0.351659620408444,0.725093546813424,297
4,consensus,CREB3L1,t,0.692901879747442,0.488371129953848,143
4,consensus,CREB3L3,t,-0.231930876489042,0.816591702342599,606
4,consensus,CREB5,t,0.197351471459798,0.843552502876601,386
4,consensus,CREBBP,t,-0.863266384153233,0.38799102213663,722
4,consensus,CREBZF,t,-0.502626368243419,0.615226986896821,681
4,consensus,CREM,t,0.642962116029116,0.520248682128061,160
4,consensus,CRX,t,0.353220846338349,0.723922880758548,296
4,consensus,CTBP1,t,-0.519419503047513,0.603468233826199,684
4,consensus,CTBP2,t,0.414020834775825,0.678858848438157,268
4,consensus,CTCF,t,0.0555530610447983,0.955697858579063,469
4,consensus,CTCFL,t,-0.397472600555364,0.691018987576083,659
4,consensus,CTNNB1,t,2.98343161183877,0.00285035726836258,10
4,consensus,CUX1,t,-0.169083194210549,0.865731203677391,586
4,consensus,CXXC1,t,0.310219092235324,0.756394352731117,323
4,consensus,DACH1,t,-0.641488841721468,0.521205128226403,701
4,consensus,DAXX,t,-0.939264415103814,0.347595003940683,726
4,consensus,DBP,t,0.169499018826641,0.865404144058052,405
4,consensus,DDIT3,t,0.365665084698328,0.714615002749773,293
4,consensus,DEAF1,t,0.181561215102756,0.855927088735951,397
4,consensus,DLX1,t,0.29413158411056,0.768657357146577,334
4,consensus,DLX2,t,0.634032415689251,0.52605966739598,164
4,consensus,DLX3,t,0.608224741866623,0.543038427027971,176
4,consensus,DLX4,t,0.478808849154614,0.632074620755076,231
4,consensus,DLX5,t,0.64983482109334,0.515798923781752,155
4,consensus,DMAP1,t,-0.385080753396332,0.700177587121114,656
4,consensus,DMRT1,t,0.706218141452374,0.480052490257614,137
4,consensus,DMTF1,t,0.804382170869975,0.421176294763011,106
4,consensus,DNMT1,t,0.533078715379911,0.593979092239664,203
4,consensus,DNMT3A,t,-0.832718211498956,0.405003671110775,718
4,consensus,DNMT3B,t,0.252072330288455,0.800985156750706,358
4,consensus,DOT1L,t,0.201504391353113,0.840304196053756,384
4,consensus,E2F1,t,-1.9882820313924,0.0467805069224072,740
4,consensus,E2F2,t,-1.60154999111649,0.109255156942321,737
4,consensus,E2F3,t,-1.49956773011661,0.133726411955978,736
4,consensus,E2F4,t,-4.59481089179034,4.33141901692278e-06,743
4,consensus,E2F5,t,-0.382226891343163,0.702293077014105,653
4,consensus,E2F6,t,-0.244156500745675,0.807109615039652,613
4,consensus,E2F7,t,-0.267657020338591,0.78896333579718,621
4,consensus,E4F1,t,0.15636969024126,0.875741626943065,418
4,consensus,EBF1,t,0.727939835638975,0.466650416512908,131
4,consensus,EBF3,t,0.405451988275527,0.685145303095271,273
4,consensus,EGR1,t,1.67939460881049,0.0930751632964416,31
4,consensus,EGR2,t,0.416901538907673,0.676750427879315,266
4,consensus,EGR3,t,0.726513635839313,0.467523951294963,133
4,consensus,EGR4,t,-0.0590650084399975,0.952900329182014,530
4,consensus,EHF,t,-0.00657973830124645,0.994750166275476,501
4,consensus,ELF1,t,0.904129883664655,0.365926534114362,84
4,consensus,ELF2,t,0.282023481613665,0.777925505093087,343
4,consensus,ELF3,t,0.541270982183116,0.588320818315426,198
4,consensus,ELF4,t,0.0291213196327385,0.976767832399391,485
4,consensus,ELF5,t,-0.0419096883653137,0.966570692986527,520
4,consensus,ELK1,t,-0.150963578147111,0.880004446989092,578
4,consensus,ELK3,t,-0.0809824311669684,0.935455924506309,542
4,consensus,ELK4,t,-0.272713849563595,0.785073187706331,622
4,consensus,EMX2,t,0.629363463535745,0.529111131856251,168
4,consensus,EN1,t,-0.0533851952554362,0.957425000866199,524
4,consensus,ENO1,t,0.58007287433626,0.561865475306522,185
4,consensus,EOMES,t,0.215841845999683,0.829111028646889,375
4,consensus,EP300,t,0.0660622317592687,0.947328279826227,465
4,consensus,EPAS1,t,-0.461986471258719,0.644091022197614,673
4,consensus,ERF,t,0.289659160079161,0.772077002956444,339
4,consensus,ERG,t,0.825097620521132,0.409316170524534,101
4,consensus,ESR1,t,0.703020801904041,0.482042785928052,138
4,consensus,ESR2,t,1.01946648695003,0.307981555574145,71
4,consensus,ESRRA,t,0.338894827230763,0.73468896138151,306
4,consensus,ESRRB,t,0.923284907576766,0.355858750881918,83
4,consensus,ESRRG,t,0.190842744647589,0.848648798706427,389
4,consensus,ETS1,t,3.05642075024579,0.00223996685685773,9
4,consensus,ETS2,t,1.29965215823719,0.193720214434096,49
4,consensus,ETV1,t,0.164060614343512,0.869683426834637,412
4,consensus,ETV2,t,0.596883983257106,0.55058484150737,179
4,consensus,ETV3,t,0.338111787961213,0.735278947629138,307
4,consensus,ETV4,t,0.847091818319976,0.39694394511955,97
4,consensus,ETV5,t,0.462508451014918,0.643716743355537,237
4,consensus,ETV6,t,-0.0657663789959287,0.947563823937591,534
4,consensus,ETV7,t,-0.535892775671347,0.592032657638051,686
4,consensus,EWSR1,t,0.300575512327411,0.763738206761845,329
4,consensus,EZH2,t,0.0675216173575367,0.946166453132537,463
4,consensus,FEV,t,0.384214654987367,0.700819357279522,281
4,consensus,FEZF1,t,0.832073515746279,0.40536744980847,100
4,consensus,FEZF2,t,0.608841613930827,0.542629427511384,175
4,consensus,FGF2,t,0.490896177012328,0.623499881110678,223
4,consensus,FHL2,t,-0.420553687212974,0.674081018202032,661
4,consensus,FLI1,t,0.782255677950936,0.434064328887877,114
4,consensus,FOS,t,1.99102569568278,0.0464780623692783,22
4,consensus,FOSB,t,0.553382108555432,0.580001787513285,191
4,consensus,FOSL1,t,1.12624893822071,0.260060164361986,62
4,consensus,FOSL2,t,0.740548263675708,0.458967387174919,126
4,consensus,FOXA1,t,0.346883285580342,0.728679004090645,300
4,consensus,FOXA2,t,1.90529436384108,0.0567418177084568,26
4,consensus,FOXA3,t,0.0392907582066896,0.968658574811024,480
4,consensus,FOXC1,t,0.087632670995168,0.930168634362128,454
4,consensus,FOXC2,t,0.0859936914855145,0.931471432115555,455
4,consensus,FOXD1,t,-0.141253083219039,0.887670012072399,571
4,consensus,FOXD3,t,0.0492432581370083,0.960725438054151,473
4,consensus,FOXE1,t,0.407914958646459,0.683336110253564,272
4,consensus,FOXF1,t,0.502907990739398,0.615028962798124,216
4,consensus,FOXF2,t,0.104226595659369,0.916989528625553,445
4,consensus,FOXG1,t,-0.046355889624029,0.963026593672071,522
4,consensus,FOXH1,t,0.322359524460312,0.747180343710143,314
4,consensus,FOXI1,t,0.528253141209182,0.597323650126277,205
4,consensus,FOXJ1,t,-0.16776696490679,0.866766612280278,584
4,consensus,FOXL2,t,0.16634548105064,0.867885075893692,407
4,consensus,FOXM1,t,0.514405485766056,0.606968524667889,209
4,consensus,FOXN1,t,0.336376358045395,0.736587075392338,308
4,consensus,FOXN4,t,0.145508190772128,0.884309649275225,426
4,consensus,FOXO1,t,2.06482484643712,0.0389395760327315,19
4,consensus,FOXO3,t,0.165431400145773,0.868604440413595,410
4,consensus,FOXO4,t,-0.286794345595345,0.774269792722105,630
4,consensus,FOXO6,t,-0.51679911480808,0.605296398036979,683
4,consensus,FOXP1,t,0.154149088190982,0.877492184009246,422
4,consensus,FOXP2,t,-0.0528630729862011,0.95784100672421,523
4,consensus,FOXP3,t,0.294823661634836,0.768128590045349,333
4,consensus,FOXQ1,t,0.693282791281035,0.4881321003752,142
4,consensus,GABPA,t,0.480619329450889,0.630787074980998,229
4,consensus,GATA1,t,1.07886404325488,0.280648339979537,66
4,consensus,GATA2,t,1.24200892390144,0.214233269525011,54
4,consensus,GATA3,t,1.61032022480495,0.107327966188084,32
4,consensus,GATA4,t,1.42030012999888,0.155520323346611,42
4,consensus,GATA5,t,0.240353985223372,0.810055847158555,367
4,consensus,GATA6,t,0.432426199185852,0.665431679939805,255
4,consensus,GBX2,t,-0.276771666449715,0.781955438486007,626
4,consensus,GCM1,t,-0.0738683986163582,0.941115101379767,540
4,consensus,GFI1,t,-0.453432576325174,0.65023728338697,670
4,consensus,GFI1B,t,-0.200525146631059,0.841069893201503,595
4,consensus,GLI1,t,0.15062184140431,0.880274031009202,423
4,consensus,GLI2,t,-0.180784002509432,0.856537120352814,589
4,consensus,GLI3,t,-0.0576030860283945,0.954064791461689,528
4,consensus,GLIS3,t,-0.0069599354894826,0.994446819762119,502
4,consensus,GRHL2,t,0.326628856175294,0.743948615524824,313
4,consensus,GRHL3,t,0.884935907210183,0.376191200328673,88
4,consensus,GSC,t,0.428916826439696,0.667983754471116,259
4,consensus,GTF2I,t,0.377699957505417,0.705653499372961,287
4,consensus,GTF2IRD1,t,0.589110116269049,0.555787407618091,182
4,consensus,GTF3A,t,-0.33324129094022,0.738952151939941,643
4,consensus,HAND1,t,1.02525032579428,0.305245087740496,69
4,consensus,HAND2,t,0.864279736232644,0.387434239072729,92
4,consensus,HBP1,t,1.26888707039869,0.204481344433018,51
4,consensus,HCFC1,t,-0.488816736308826,0.624971448084095,679
4,consensus,HDAC1,t,-0.840546622767173,0.400601972269324,719
4,consensus,HDAC3,t,0.0939112140405043,0.925179685692955,450
4,consensus,HDAC4,t,-0.599132129813124,0.549084777441015,694
4,consensus,HDAC5,t,-0.312884248474743,0.754368605084155,638
4,consensus,HDAC7,t,-0.1099447679613,0.912453178028052,551
4,consensus,HDAC9,t,-0.469006851445025,0.639064738708419,676
4,consensus,HDGF,t,-0.828488423575323,0.407393948295715,717
4,consensus,HES1,t,-0.208025824951482,0.835208803025598,599
4,consensus,HES5,t,-0.310877984146431,0.755893381871373,636
4,consensus,HES6,t,-1.18934460914592,0.234304087980373,729
4,consensus,HESX1,t,-0.339675670646626,0.734100785499235,648
4,consensus,HEY1,t,-0.385260552500314,0.700044384615497,657
4,consensus,HEY2,t,0.471601740314447,0.637211084285611,235
4,consensus,HEYL,t,-0.308121572908096,0.75798982647145,634
4,consensus,HHEX,t,-0.14057612947742,0.888204806864739,569
4,consensus,HIC1,t,0.331618666073794,0.74017722297532,310
4,consensus,HIF1A,t,0.643573992170545,0.519851719705685,159
4,consensus,HIF3A,t,0.306478698775693,0.759240195945018,326
4,consensus,HINFP,t,-0.231300299834116,0.817081513766254,605
4,consensus,HIPK2,t,0.209947696894221,0.833708494983687,379
4,consensus,HIVEP1,t,-0.017136982672991,0.986327335332393,509
4,consensus,HIVEP2,t,0.413717100552307,0.679081301903953,270
4,consensus,HLF,t,-0.136191503434055,0.891669891862227,567
4,consensus,HLX,t,0.377027020814431,0.70615352446691,288
4,consensus,HMGA1,t,0.531797092727492,0.594866536566226,204
4,consensus,HMGA2,t,0.0234699890372529,0.981275377167153,488
4,consensus,HMGB2,t,-0.114789524437951,0.908611952455462,555
4,consensus,HNF1A,t,2.42361071374795,0.0153670683544522,14
4,consensus,HNF1B,t,1.59751013941935,0.110152039346068,33
4,consensus,HNF4A,t,2.1842419842004,0.0289444713563471,17
4,consensus,HNF4G,t,-0.0635784716438622,0.949305874193284,533
4,consensus,HOPX,t,-0.315187625276465,0.752619200689402,640
4,consensus,HOXA1,t,0.31431639219911,0.753280749483627,320
4,consensus,HOXA10,t,0.38866662692496,0.697522772918199,280
4,consensus,HOXA11,t,-0.11178591461517,0.910993156026922,552
4,consensus,HOXA13,t,0.237021818500491,0.812639863768141,370
4,consensus,HOXA2,t,-0.260154006859257,0.7947449802066,617
4,consensus,HOXA4,t,0.231790741230607,0.816700548666737,371
4,consensus,HOXA5,t,0.638380526915007,0.523226003913633,163
4,consensus,HOXA7,t,-0.4296605980695,0.66744254939921,664
4,consensus,HOXA9,t,0.0633978137540979,0.949449728122575,466
4,consensus,HOXB1,t,0.314317183684261,0.753280148407109,319
4,consensus,HOXB13,t,0.00727845713857108,0.994192682697395,495
4,consensus,HOXB2,t,0.804017431572103,0.421386907869379,107
4,consensus,HOXB3,t,-0.293350505057728,0.769254253262591,633
4,consensus,HOXB4,t,-0.0137198517137794,0.989053485560452,508
4,consensus,HOXB5,t,0.129280363177152,0.8971358089458,434
4,consensus,HOXB7,t,0.184600260042254,0.853542581964302,394
4,consensus,HOXB9,t,-0.33786733389776,0.735463165213968,646
4,consensus,HOXC13,t,0.0350695100827897,0.972024313879548,482
4,consensus,HOXC6,t,-0.146014817296551,0.88390969128275,575
4,consensus,HOXC8,t,0.313390333689986,0.753984127218441,322
4,consensus,HOXD1,t,-0.140338099215148,0.88839286334837,568
4,consensus,HOXD10,t,0.430509314249737,0.666825192734481,256
4,consensus,HOXD13,t,-0.0133727395459782,0.989330415588827,506
4,consensus,HOXD3,t,0.479078394316738,0.631882859506281,230
4,consensus,HOXD4,t,0.615670455480812,0.538112040400657,173
4,consensus,HOXD8,t,-0.0681373080354542,0.945676331835813,538
4,consensus,HR,t,0.660651098145407,0.508836091479647,150
4,consensus,HSF1,t,0.664713483785504,0.506233767850449,148
4,consensus,HSF2,t,0.440575020924127,0.65952068975561,253
4,consensus,HSF4,t,0.559939130702392,0.575520956840864,189
4,consensus,HTATIP2,t,-0.0552702879063319,0.955923132787084,526
4,consensus,ID1,t,0.82089662736739,0.411705152299484,102
4,consensus,ID2,t,0.683526624112209,0.494274132517891,144
4,consensus,ID3,t,0.396897418311525,0.691443108073243,277
4,consensus,ID4,t,0.422263097040713,0.672832990818409,263
4,consensus,IKZF1,t,0.550705994419833,0.581835234721894,192
4,consensus,IKZF3,t,0.120704824391598,0.903924837627434,438
4,consensus,IKZF4,t,0.369190023050686,0.711986091877856,291
4,consensus,ING4,t,-0.119574843023373,0.90481994907091,560
4,consensus,INSM1,t,-0.124444739845725,0.900963151363059,562
4,consensus,IRF1,t,3.65307081337544,0.000259122732678494,6
4,consensus,IRF2,t,1.42544136757057,0.15402965732409,41
4,consensus,IRF2BPL,t,-0.841189930233285,0.400241540851287,720
4,consensus,IRF3,t,1.35480000503563,0.175481285016352,44
4,consensus,IRF4,t,0.836034019902855,0.4031357647448,98
4,consensus,IRF5,t,0.30090681143563,0.763485556128762,328
4,consensus,IRF6,t,0.68258156775542,0.494871284549955,145
4,consensus,IRF7,t,1.15247404657543,0.24912632869118,60
4,consensus,IRF8,t,0.894926832437285,0.370826202001055,86
4,consensus,IRF9,t,1.23547807207491,0.216652632454573,56
4,consensus,IRX1,t,-0.626771241428641,0.530809197323203,699
4,consensus,ISL1,t,0.964704208674418,0.334692986645339,76
4,consensus,JARID2,t,-1.19870328102391,0.230643341814193,731
4,consensus,JDP2,t,0.319278431353198,0.749515386749341,316
4,consensus,JUN,t,4.07584912653783,4.58467387203425e-05,3
4,consensus,JUNB,t,0.533901393906108,0.593409757634146,202
4,consensus,JUND,t,1.39783427513836,0.162162839130314,43
4,consensus,KAT2B,t,-0.432125647008514,0.665650095345749,665
4,consensus,KAT5,t,-0.102402755886604,0.918436996292484,550
4,consensus,KAT6A,t,0.0529251868968691,0.95779151627425,470
4,consensus,KAT6B,t,0.111188998185202,0.911466475711691,443
4,consensus,KAT7,t,0.137233972427737,0.89084585882113,430
4,consensus,KCNIP3,t,0.878127145620631,0.379874723039309,89
4,consensus,KDM2A,t,-0.334754924518447,0.737809965565476,644
4,consensus,KDM5A,t,-0.126742943625082,0.899143855793379,563
4,consensus,KDM5B,t,0.00060551290064424,0.999516870634732,498
4,consensus,KDM5C,t,-0.768417240199393,0.442239341152138,711
4,consensus,KDM5D,t,0.379538779440051,0.704287812743744,286
4,consensus,KLF1,t,0.735305470338123,0.46215347740274,128
4,consensus,KLF10,t,0.888982081804815,0.374012709703771,87
4,consensus,KLF11,t,0.516516830917535,0.605493486796473,207
4,consensus,KLF12,t,0.425244071167621,0.670658760057392,262
4,consensus,KLF13,t,0.215143687585606,0.829655293555669,377
4,consensus,KLF15,t,0.0578264008759734,0.953886908503148,467
4,consensus,KLF17,t,-0.013180216265532,0.989484013404107,505
4,consensus,KLF2,t,0.363183579968878,0.716467752708887,294
4,consensus,KLF3,t,0.860936652117314,0.389272933645686,94
4,consensus,KLF4,t,1.02543924128976,0.305155980331384,68
4,consensus,KLF5,t,0.172091258295074,0.863365785108576,402
4,consensus,KLF6,t,0.816975769381653,0.413942275358334,104
4,consensus,KLF7,t,0.482921131104396,0.629151737253225,228
4,consensus,KLF8,t,0.025591165268596,0.979583432858193,487
4,consensus,KLF9,t,-0.12438748869338,0.901008478990914,561
4,consensus,KMT2A,t,-0.456818820277581,0.647801277183544,671
4,consensus,KMT2B,t,0.285990559880602,0.774885351854941,341
4,consensus,LEF1,t,0.316369265050624,0.751722242747286,318
4,consensus,LHX1,t,0.380130182378221,0.703848782152749,285
4,consensus,LHX2,t,0.401216369239466,0.688260829974136,275
4,consensus,LHX3,t,0.242133792819325,0.80867649425,365
4,consensus,LHX4,t,0.557235855611237,0.577366294878179,190
4,consensus,LHX8,t,0.249616914013575,0.802883617087605,359
4,consensus,LITAF,t,0.654308088404055,0.5129133358722,152
4,consensus,LMO2,t,0.668582435299989,0.503761880190141,146
4,consensus,LMO4,t,0.0755213038445756,0.93979994792068,460
4,consensus,LMX1A,t,0.204055119212829,0.838310426038584,382
4,consensus,LMX1B,t,0.505364870417844,0.613302587838778,214
4,consensus,LRRFIP1,t,0.166208956790656,0.867992510990809,409
4,consensus,LYL1,t,0.208581955643477,0.834774598055542,380
4,consensus,MAF,t,0.951045587132118,0.341581234729019,79
4,consensus,MAFA,t,0.237446918512063,0.812310094563457,369
4,consensus,MAFB,t,0.726666127598328,0.46743050818756,132
4,consensus,MAFG,t,-0.145836493988022,0.884050465842016,574
4,consensus,MAFK,t,-0.26431494191237,0.791537247591276,618
4,consensus,MAML1,t,-0.24182909283527,0.808912595034785,612
4,consensus,MAX,t,-0.164738042859746,0.869150172175146,581
4,consensus,MAZ,t,0.137249930211888,0.890833245698943,429
4,consensus,MBD1,t,0.434644744037772,0.663820311972916,254
4,consensus,MBD2,t,0.548463151164313,0.583373924515933,195
4,consensus,MECOM,t,0.450588101892021,0.65228644352979,246
4,consensus,MECP2,t,-1.21311960685486,0.225084094755544,732
4,consensus,MED1,t,0.292592330729369,0.769833776547758,337
4,consensus,MEF2A,t,0.606461077515816,0.544208620999547,177
4,consensus,MEF2B,t,0.665375789847633,0.505810165894449,147
4,consensus,MEF2C,t,0.421724114187129,0.673226401121191,264
4,consensus,MEF2D,t,0.173438444178777,0.862306808886393,401
4,consensus,MEIS1,t,0.160243778236695,0.87268904489472,416
4,consensus,MEIS2,t,-0.129283511598954,0.89713331777438,564
4,consensus,MEOX1,t,-0.273960551792511,0.7841149373252,624
4,consensus,MEOX2,t,0.449858732599858,0.652812305226588,247
4,consensus,MESP2,t,0.564340239710065,0.572522600839728,188
4,consensus,MITF,t,1.1301155215539,0.258427550212526,61
4,consensus,MKX,t,0.0488594286689336,0.961031321454425,474
4,consensus,MLX,t,0.11468170440022,0.908697416011187,442
4,consensus,MLXIP,t,-0.873163241730719,0.382574107207171,723
4,consensus,MLXIPL,t,-0.178296586893139,0.858490059134325,588
4,consensus,MNT,t,0.534123775833373,0.593255901153772,201
4,consensus,MNX1,t,0.338933675907272,0.73465969465602,305
4,consensus,MSC,t,0.733233408608381,0.463416082187232,129
4,consensus,MSX1,t,0.266874174127829,0.789566041751799,348
4,consensus,MSX2,t,-0.0559773594853494,0.955359843388355,527
4,consensus,MTA1,t,-0.273933961218185,0.784135372177762,623
4,consensus,MTA2,t,-0.0960501685433178,0.923480727981451,546
4,consensus,MTA3,t,-0.599566439113609,0.548795219385491,695
4,consensus,MTF1,t,0.00489332838061925,0.996095704415345,497
4,consensus,MTF2,t,-0.589615083397223,0.555448737057297,691
4,consensus,MXD1,t,0.145157018292826,0.88458690086385,427
4,consensus,MXI1,t,0.0355552878497172,0.971636960886358,481
4,consensus,MYB,t,0.068873834747007,0.945090045896461,462
4,consensus,MYBL1,t,0.290684142402832,0.771292900685167,338
4,consensus,MYBL2,t,-0.700412092390681,0.483669986628963,704
4,consensus,MYC,t,-5.54801099256562,2.88937714779676e-08,745
4,consensus,MYCN,t,-0.781733256077831,0.434371353040404,712
4,consensus,MYF5,t,1.00318751372418,0.315770396329785,72
4,consensus,MYF6,t,0.097304972398501,0.922484207338685,448
4,consensus,MYOCD,t,-0.227109262191973,0.820338782031599,604
4,consensus,MYOD1,t,1.17989973273505,0.238040096191734,59
4,consensus,MYOG,t,0.945582540838445,0.344361552712115,81
4,consensus,MYRF,t,0.155910703021915,0.876103408690874,419
4,consensus,MYT1,t,-0.437702130435656,0.661602224932397,666
4,consensus,MZF1,t,0.534442859720045,0.593035172673894,200
4,consensus,NAB2,t,-0.798341114275219,0.424672565132859,716
4,consensus,NANOG,t,0.0822745340154364,0.934428404662471,457
4,consensus,NCOA1,t,0.798282134365624,0.424706783234545,110
4,consensus,NCOA2,t,-0.244261543018545,0.807028265718273,614
4,consensus,NCOA3,t,0.341613104422894,0.732642073999844,303
4,consensus,NCOR1,t,0.25615478082519,0.797831323625919,355
4,consensus,NCOR2,t,0.415576291117553,0.677720078577826,267
4,consensus,NEUROD1,t,0.987623098252243,0.323337269618633,75
4,consensus,NEUROD2,t,0.620513079997061,0.534920045263819,171
4,consensus,NEUROD6,t,0.0903952928506603,0.927973097141897,451
4,consensus,NEUROG1,t,0.263413744302975,0.792231698154191,350
4,consensus,NEUROG2,t,-0.0587156102597746,0.953178625600005,529
4,consensus,NEUROG3,t,0.861899144175445,0.388743020003176,93
4,consensus,NFAT5,t,0.00848543836383745,0.993229680984782,494
4,consensus,NFATC1,t,1.42751696512659,0.153430938668798,40
4,consensus,NFATC2,t,1.30298610691964,0.192579504727755,48
4,consensus,NFATC3,t,0.857119935431379,0.391378604749032,95
4,consensus,NFATC4,t,-0.0609215252073011,0.95142170664745,532
4,consensus,NFE2,t,0.299925764463663,0.764233781310652,330
4,consensus,NFE2L1,t,-0.210048875460215,0.833629526728172,602
4,consensus,NFE2L2,t,-0.495126143338364,0.620511080679589,680
4,consensus,NFE2L3,t,0.165044980740687,0.868908577983855,411
4,consensus,NFIA,t,-0.20823165731649,0.835048091348408,601
4,consensus,NFIB,t,0.0713715507964851,0.943102051028409,461
4,consensus,NFIC,t,0.772120842963622,0.440042858508298,119
4,consensus,NFIL3,t,0.177988379028326,0.858732102210854,399
4,consensus,NFIX,t,-0.14944486210774,0.881202614321607,577
4,consensus,NFKB,t,4.00193370645299,6.28269037766448e-05,4
4,consensus,NFKB1,t,4.41405716263731,1.01451152314749e-05,1
4,consensus,NFKB2,t,0.470140725971912,0.638254479128179,236
4,consensus,NFKBIB,t,0.591866116236393,0.553940245123721,180
4,consensus,NFKBIZ,t,0.578936484872211,0.562632030845339,186
4,consensus,NFYA,t,-0.761969826120789,0.446078013216563,710
4,consensus,NFYB,t,0.62871551049272,0.529535321881645,169
4,consensus,NFYC,t,-0.464191889455816,0.642510271525511,674
4,consensus,NHLH1,t,0.225093507850199,0.821906531383519,374
4,consensus,NHLH2,t,0.0522851507646409,0.958301485106087,471
4,consensus,NKRF,t,-0.0125857710289106,0.989958272715264,504
4,consensus,NKX2-1,t,0.548898875228854,0.583074850114038,194
4,consensus,NKX2-2,t,0.646429391937893,0.518001310670991,157
4,consensus,NKX2-5,t,0.771971967170107,0.440131030836884,120
4,consensus,NKX3-1,t,-0.529350442199408,0.59656236973417,685
4,consensus,NKX3-2,t,0.268950985208497,0.787967401399229,346
4,consensus,NKX6-1,t,0.340646995445302,0.733369345891288,304
4,consensus,NKX6-3,t,-0.376633274137164,0.706446156486305,652
4,consensus,NONO,t,-0.341383948643334,0.732814557237025,649
4,consensus,NOTCH1,t,0.166309760533975,0.867913185220293,408
4,consensus,NOTO,t,-0.054999097551933,0.956139182755499,525
4,consensus,NPAS2,t,-0.630879057814503,0.528119605933793,700
4,consensus,NPM1,t,-0.612755344833466,0.540038121577731,697
4,consensus,NR0B1,t,-0.234636118186838,0.814491173748574,608
4,consensus,NR0B2,t,-0.267426618214869,0.789140707133291,620
4,consensus,NR1D1,t,-0.92334861046787,0.355825563103893,725
4,consensus,NR1D2,t,-0.749512616507451,0.453548297225233,708
4,consensus,NR1H2,t,-0.785393288711998,0.432223014449972,713
4,consensus,NR1H3,t,0.00910751284435583,0.992733356571772,493
4,consensus,NR1H4,t,0.780696104186625,0.434981252492478,116
4,consensus,NR1I2,t,0.630217772276334,0.528552113019845,167
4,consensus,NR1I3,t,1.50695857052009,0.131821276873824,37
4,consensus,NR2C1,t,-0.73182778885696,0.464273685504927,705
4,consensus,NR2C2,t,0.596907651916504,0.550569038217728,178
4,consensus,NR2E1,t,-1.27880842602166,0.200964526002542,734
4,consensus,NR2E3,t,0.780725269559882,0.434964094978384,115
4,consensus,NR2F1,t,-0.196942926628115,0.843872200872383,592
4,consensus,NR2F2,t,1.31516257620199,0.188455269586414,47
4,consensus,NR2F6,t,0.50723625743253,0.611989057689412,212
4,consensus,NR3C1,t,1.11670189153189,0.26412180882755,63
4,consensus,NR3C2,t,0.258817951076272,0.795775706733305,352
4,consensus,NR4A1,t,0.81419814378362,0.415531448682586,105
4,consensus,NR4A2,t,0.252627331131839,0.800556207742375,357
4,consensus,NR4A3,t,0.832753964202951,0.404983502855366,99
4,consensus,NR5A1,t,1.27488403787968,0.202350289644195,50
4,consensus,NR5A2,t,0.267652939790664,0.788966477045667,347
4,consensus,NR6A1,t,-0.0206502846231628,0.983524627675169,512
4,consensus,NRF1,t,0.186027815924003,0.852422948097314,393
4,consensus,NRG1,t,-0.277281291802302,0.78156412356699,627
4,consensus,NRL,t,-0.23565659335504,0.813699154772648,609
4,consensus,NSD2,t,0.461551883637148,0.644402706504799,239
4,consensus,NUPR1,t,0.247370229002317,0.804621712153788,362
4,consensus,OLIG1,t,0.135367446411222,0.892321361190391,431
4,consensus,OLIG2,t,-0.0216988663133212,0.982688168111796,514
4,consensus,ONECUT1,t,0.795960513308271,0.426054986830032,111
4,consensus,OTX2,t,0.999517737706879,0.317543950852667,73
4,consensus,OVOL1,t,0.492972419656232,0.622032075251054,221
4,consensus,PARK7,t,-0.310962875180676,0.755828844698957,637
4,consensus,PATZ1,t,0.346902687134634,0.728664427826587,299
4,consensus,PAWR,t,-0.0669680165161931,0.946607165143611,536
4,consensus,PAX2,t,0.346030179330488,0.72932003430166,301
4,consensus,PAX3,t,0.895630668842852,0.370450050280814,85
4,consensus,PAX4,t,-0.0214608166347489,0.982878060054089,513
4,consensus,PAX5,t,0.456124142700435,0.648300710128566,244
4,consensus,PAX6,t,1.76294161344864,0.077910337593477,28
4,consensus,PAX7,t,0.170170780219466,0.864875830540982,403
4,consensus,PAX8,t,0.298748186691116,0.765132187376164,331
4,consensus,PAX9,t,-0.0925467414649252,0.926263656218033,545
4,consensus,PBRM1,t,-0.144090205575622,0.885429238830676,573
4,consensus,PBX1,t,0.483897586179426,0.628458553544478,226
4,consensus,PBX2,t,0.0520619770619549,0.958479309766146,472
4,consensus,PDX1,t,0.639630098064881,0.522413110169082,162
4,consensus,PEG3,t,-0.142968086217985,0.886315385739249,572
4,consensus,PGR,t,0.545365609315841,0.585502088316208,197
4,consensus,PHF20,t,-0.266315970596848,0.789995874345422,619
4,consensus,PHOX2A,t,0.24169445996911,0.809016922622686,366
4,consensus,PHOX2B,t,0.570105467744374,0.568606166890158,187
4,consensus,PIAS1,t,0.64657084026703,0.517909735339174,156
4,consensus,PIN1,t,-0.0603862575122353,0.951848003599751,531
4,consensus,PITX1,t,-0.450570963325395,0.652298798136074,669
4,consensus,PITX2,t,0.65422648647969,0.512965899723723,153
4,consensus,PITX3,t,0.957832521275222,0.338147217304287,78
4,consensus,PKNOX1,t,1.33348587096759,0.182372409122203,46
4,consensus,PLAG1,t,0.625340266124983,0.531747757724508,170
4,consensus,PLAGL1,t,0.155309219797569,0.876577547463418,420
4,consensus,PLAGL2,t,0.29303893955758,0.769492388005593,336
4,consensus,PML,t,0.0290842042469797,0.976797433654301,486
4,consensus,POU1F1,t,0.158243279702993,0.874265101094287,417
4,consensus,POU2AF1,t,0.193655908888449,0.846445317795597,388
4,consensus,POU2F1,t,1.09596474274811,0.273094204127563,65
4,consensus,POU2F2,t,0.961714590278319,0.336192991282242,77
4,consensus,POU2F3,t,0.395467617725294,0.6924978153505,278
4,consensus,POU3F1,t,-0.156557208257819,0.875593829431842,579
4,consensus,POU3F2,t,0.441033149806024,0.659188998340037,252
4,consensus,POU4F1,t,0.77821032049003,0.43644503357695,117
4,consensus,POU4F2,t,0.719448059154545,0.471864894444197,135
4,consensus,POU4F3,t,0.495713166322963,0.620096796445331,220
4,consensus,POU5F1,t,-1.22045871781943,0.222291029902904,733
4,consensus,PPARA,t,1.34489829209169,0.178658081870526,45
4,consensus,PPARD,t,0.586211950550839,0.557733091837681,183
4,consensus,PPARG,t,0.0564454514781909,0.954986949603607,468
4,consensus,PPARGC1A,t,0.459658200271967,0.64576157699159,240
4,consensus,PPARGC1B,t,0.66117977919714,0.508497027318462,149
4,consensus,PRDM1,t,-0.0179027373253916,0.98571644529497,510
4,consensus,PRDM16,t,0.242442618154228,0.8084372146568,364
4,consensus,PRDM2,t,-0.165614586737349,0.868460267268353,582
4,consensus,PRDM4,t,0.310148576394211,0.756447973636769,324
4,consensus,PREB,t,0.49886667164672,0.61787331466003,217
4,consensus,PROP1,t,-0.00823378141640801,0.993430467161324,503
4,consensus,PROX1,t,-0.332595476233111,0.739439658593356,642
4,consensus,PRRX1,t,-0.757473033866469,0.448766515524534,709
4,consensus,PTF1A,t,0.429374455238039,0.66765074064092,258
4,consensus,PURA,t,0.255552294654962,0.798296558706724,356
4,consensus,RARA,t,1.92147270006723,0.0546721408780248,24
4,consensus,RARB,t,-0.0361319553577334,0.97117714226574,519
4,consensus,RARG,t,0.988357764650187,0.322977464475323,74
4,consensus,RB1,t,-0.129928964364417,0.896622628273924,565
4,consensus,RBPJ,t,0.658420537369846,0.510267942182746,151
4,consensus,RCOR2,t,-0.484939277188509,0.627719419976431,678
4,consensus,REL,t,1.98822232388995,0.0467871070763185,23
4,consensus,RELA,t,3.65286437128237,0.000259331224076761,7
4,consensus,RELB,t,1.03437839632437,0.300959299932577,67
4,consensus,REST,t,-3.20067453690669,0.00137106303385029,741
4,consensus,RFX1,t,-0.0019942688353761,0.998408804740889,500
4,consensus,RFX2,t,0.248620040878544,0.803654704787836,361
4,consensus,RFX3,t,0.154545361721575,0.877179747332363,421
4,consensus,RFX5,t,0.020976740603462,0.983264209902762,490
4,consensus,RLF,t,-0.161182360576488,0.871949773681465,580
4,consensus,RORA,t,0.702801932427202,0.482179192783942,139
4,consensus,RORB,t,-0.18836749800205,0.850588576439732,590
4,consensus,RORC,t,0.935634715504356,0.349461294172047,82
4,consensus,RREB1,t,-0.0984710858164578,0.921558230528559,548
4,consensus,RUNX1,t,2.85688789946438,0.00427816903186105,11
4,consensus,RUNX2,t,0.512302754679149,0.608439137641412,210
4,consensus,RUNX3,t,0.214829473914399,0.829900272499797,378
4,consensus,RXRA,t,0.802699424253397,0.422148485801803,109
4,consensus,RXRB,t,0.582473810960634,0.560247576846384,184
4,consensus,RXRG,t,-0.000219111150863865,0.999825174597025,499
4,consensus,SALL1,t,-0.112061589468752,0.910774572703308,553
4,consensus,SALL2,t,-0.236958791571456,0.812688759422516,610
4,consensus,SALL3,t,-0.114662430014882,0.908712693964598,554
4,consensus,SALL4,t,-0.287833049441482,0.773474537626002,631
4,consensus,SATB1,t,0.511113798977878,0.609271374064196,211
4,consensus,SATB2,t,-0.383413633620456,0.701413096142381,655
4,consensus,SCX,t,0.280679660377658,0.778956110547279,344
4,consensus,SETBP1,t,0.162359917339264,0.871022433311979,415
4,consensus,SF1,t,0.445124978570452,0.656229438487202,251
4,consensus,SFPQ,t,-0.346290341553628,0.729124526447467,650
4,consensus,SHOX2,t,-0.197453762336188,0.843472461377857,594
4,consensus,SIM2,t,0.477027817773468,0.633342313108068,232
4,consensus,SIN3A,t,-0.225237160866529,0.82179478188839,603
4,consensus,SIRT1,t,0.42023128650888,0.674316501247437,265
4,consensus,SIX1,t,0.789881254972461,0.429597119573615,112
4,consensus,SIX3,t,0.347602753660593,0.728138537981354,298
4,consensus,SIX4,t,-0.744316076731977,0.456685277388144,707
4,consensus,SKIL,t,0.376459486984686,0.706575328679691,289
4,consensus,SMAD1,t,0.186483315695603,0.852065761514429,392
4,consensus,SMAD2,t,0.755473551872287,0.449964895709167,122
4,consensus,SMAD3,t,1.89354633801074,0.0582852520433342,27
4,consensus,SMAD4,t,2.03984391891159,0.0413658739110508,20
4,consensus,SMAD5,t,0.630422870302648,0.528417951447876,166
4,consensus,SMAD6,t,-0.141051606800902,0.887829173506571,570
4,consensus,SMAD7,t,-0.335605998305665,0.737168000118708,645
4,consensus,SMAD9,t,0.180605447296504,0.856677279875794,398
4,consensus,SMARCA1,t,-0.421413242342667,0.673453351028473,662
4,consensus,SMARCA4,t,0.618454901723768,0.536275517068842,172
4,consensus,SMARCA5,t,0.0853606345829762,0.931974687948083,456
4,consensus,SMARCB1,t,0.130600745682691,0.896091152811017,432
4,consensus,SMARCC1,t,-0.562691195083338,0.573645180937038,688
4,consensus,SNAI1,t,0.137954440222253,0.8902764246082,428
4,consensus,SNAI2,t,-0.792254197363164,0.428212472639347,714
4,consensus,SON,t,0.429532882170736,0.667535469521448,257
4,consensus,SOX10,t,0.521880545887839,0.601753504195657,206
4,consensus,SOX11,t,0.118434107225425,0.905723702286332,441
4,consensus,SOX17,t,0.642286286311045,0.520687316785936,161
4,consensus,SOX18,t,0.514582867029874,0.606844539993236,208
4,consensus,SOX2,t,0.483821508686634,0.628512549064424,227
4,consensus,SOX3,t,-0.396443791729683,0.69177766572218,658
4,consensus,SOX4,t,0.150178135662266,0.88062407546418,424
4,consensus,SOX5,t,0.631110084870246,0.527968547551533,165
4,consensus,SOX6,t,-0.176186892814012,0.860147117731676,587
4,consensus,SOX7,t,0.342399233311833,0.73205046539565,302
4,consensus,SOX9,t,1.24158646242913,0.21438917909332,55
4,consensus,SP1,t,2.709508500282,0.00673829784910612,13
4,consensus,SP2,t,-0.0669823946067178,0.946595718788311,537
4,consensus,SP3,t,2.76704843528804,0.00565663502791512,12
4,consensus,SP4,t,0.163072316256689,0.870461496428945,413
4,consensus,SP6,t,-0.478864083257334,0.632035323800192,677
4,consensus,SP7,t,0.367828570476641,0.713001064083615,292
4,consensus,SPDEF,t,0.803519738281121,0.42167439286806,108
4,consensus,SPI1,t,3.74057397263865,0.000183600499421744,5
4,consensus,SPIB,t,0.851597456490472,0.394437551802153,96
4,consensus,SPIC,t,0.0782188773800137,0.937653946043603,458
4,consensus,SREBF1,t,-4.70962076150305,2.48178134845854e-06,744
4,consensus,SREBF2,t,-4.25986897583078,2.04546773930543e-05,742
4,consensus,SRF,t,0.777759398789905,0.436710867598161,118
4,consensus,SRSF2,t,-1.191295015247,0.233537790099469,730
4,consensus,SRY,t,0.373767194233456,0.708577528593894,290
4,consensus,SSRP1,t,1.75163042176201,0.0798373779946816,29
4,consensus,STAT1,t,4.35881849559098,1.30766508117643e-05,2
4,consensus,STAT2,t,1.57858504075752,0.114431268104992,34
4,consensus,STAT3,t,2.24955136952499,0.0244774384376199,16
4,consensus,STAT4,t,0.496592048363125,0.619476761643085,218
4,consensus,STAT5A,t,2.27588822096229,0.0228527006716088,15
4,consensus,STAT5B,t,0.462470218166544,0.643744154660171,238
4,consensus,STAT6,t,1.54855835007032,0.121487924709949,35
4,consensus,STOX1,t,-0.339310170600503,0.73437608162141,647
4,consensus,TADA2A,t,-0.23267637502196,0.816012715759674,607
4,consensus,TAF1,t,0.12857659572616,0.897692686467739,436
4,consensus,TAL1,t,0.536873252337046,0.591355168109277,199
4,consensus,TBP,t,0.130415037865434,0.8962380697013,433
4,consensus,TBPL1,t,0.69654021134222,0.486090583880995,141
4,consensus,TBPL2,t,-0.244270845336235,0.807021061697984,615
4,consensus,TBR1,t,-0.450102258688346,0.652636708243841,668
4,consensus,TBX1,t,-0.0299320373228334,0.976121255201433,516
4,consensus,TBX10,t,0.400825832443224,0.688548358441925,276
4,consensus,TBX15,t,-0.429042030590003,0.667892637636554,663
4,consensus,TBX18,t,0.0470235870263551,0.962494428591325,477
4,consensus,TBX2,t,-0.0982306127540832,0.921749174544859,547
4,consensus,TBX20,t,0.124657068379222,0.900795046672552,437
4,consensus,TBX21,t,1.53482958138422,0.124825694488556,36
4,consensus,TBX3,t,-1.09316564433162,0.274321078288053,728
4,consensus,TBX5,t,0.754115952939806,0.450779598996861,124
4,consensus,TBX6,t,0.119122474743179,0.905178325250262,440
4,consensus,TBXT,t,0.265121591009989,0.790915795083665,349
4,consensus,TCF12,t,0.128888204705826,0.897446110098599,435
4,consensus,TCF20,t,0.489610375571134,0.624409633033561,224
4,consensus,TCF21,t,0.066400208710832,0.947059204044101,464
4,consensus,TCF3,t,1.18839104608997,0.234679382409089,58
4,consensus,TCF4,t,0.189172204579826,0.849957851847879,391
4,consensus,TCF7,t,0.456497208504535,0.648032477733906,243
4,consensus,TCF7L2,t,0.329791834747622,0.741557257466518,312
4,consensus,TEAD1,t,-0.406136339727906,0.684642426006351,660
4,consensus,TEAD2,t,0.0178172139491847,0.98578467219408,491
4,consensus,TEAD4,t,0.203276754986607,0.83891872306193,383
4,consensus,TEF,t,-0.0998790197801354,0.920440372839638,549
4,consensus,TET1,t,-0.320854730639322,0.748320481226272,641
4,consensus,TFAM,t,-0.661446011370011,0.50832632690851,702
4,consensus,TFAP2A,t,0.549134840884655,0.582912916710945,193
4,consensus,TFAP2B,t,0.427007151551991,0.669374118776391,261
4,consensus,TFAP2C,t,0.269983918791963,0.78717262531134,345
4,consensus,TFAP2D,t,0.8743439403835,0.381930976754115,90
4,consensus,TFAP4,t,0.408228998343732,0.683105560503062,271
4,consensus,TFCP2,t,0.181573391444409,0.855917532249201,396
4,consensus,TFDP1,t,-1.88426764919536,0.0595287810235809,738
4,consensus,TFDP2,t,-0.3832959453301,0.701500345283896,654
4,consensus,TFDP3,t,0.239524200906874,0.810699132919326,368
4,consensus,TFE3,t,-0.133390432803652,0.893884611311342,566
4,consensus,TFEB,t,0.3209233773699,0.748268457636703,315
4,consensus,TGFB1I1,t,0.215229891765104,0.829588086742261,376
4,consensus,TGIF1,t,-0.46036784926167,0.645252207787008,672
4,consensus,THAP11,t,-0.204386912129199,0.838051156927873,598
4,consensus,THRA,t,0.413738889645487,0.679065342747255,269
4,consensus,THRB,t,-0.202771845320378,0.839313364948921,597
4,consensus,TLX1,t,-0.291904677421338,0.770359507105286,632
4,consensus,TLX2,t,0.650558609114414,0.515331456522995,154
4,consensus,TLX3,t,-0.0719606851831122,0.942633195380068,539
4,consensus,TOX3,t,0.507095845402529,0.612087569960164,213
4,consensus,TP53,t,1.48449201854606,0.137678439024724,38
4,consensus,TP63,t,0.766064947261051,0.443637658578415,121
4,consensus,TP73,t,0.146624800972355,0.883428176908073,425
4,consensus,TRERF1,t,-0.0888765648252782,0.92918000839343,544
4,consensus,TRIM28,t,0.19701645544034,0.843814660577655,387
4,consensus,TRPS1,t,-0.686869481851672,0.492164979895164,703
4,consensus,TSC22D1,t,0.729532289522785,0.465676123686081,130
4,consensus,TTF1,t,0.546946157458832,0.584415723422841,196
4,consensus,TWIST1,t,0.492176182569666,0.622594800161654,222
4,consensus,TWIST2,t,0.475197740196705,0.634646037659871,233
4,consensus,UBTF,t,-0.610553081831507,0.541495491738081,696
4,consensus,USF1,t,0.946555336742897,0.343865411927755,80
4,consensus,USF2,t,1.02200989242935,0.3067762183816,70
4,consensus,UTF1,t,-0.620594001099358,0.534866787694937,698
4,consensus,VDR,t,0.819184610279047,0.412681093986048,103
4,consensus,VENTX,t,0.294059169246999,0.768712690406776,335
4,consensus,VEZF1,t,-0.309072134185012,0.757266655816038,635
4,consensus,VHL,t,-0.0313679929579537,0.974976066503413,517
4,consensus,VSX1,t,0.306182957432605,0.759465347687813,327
4,consensus,VSX2,t,0.00675105414586475,0.994613479044572,496
4,consensus,WT1,t,0.71123836538002,0.47693653803202,136
4,consensus,WWTR1,t,0.087713956722793,0.930104026520472,453
4,consensus,XBP1,t,0.25722682915875,0.797003673968464,353
4,consensus,YAP1,t,-0.066094508073663,0.947302583214789,535
4,consensus,YBX1,t,0.393293817810899,0.69410248378854,279
4,consensus,YBX3,t,-0.201767844350903,0.840098221001041,596
4,consensus,YY1,t,-0.792708619734252,0.427947607086088,715
4,consensus,ZBED1,t,-1.05948891698419,0.289377174041975,727
4,consensus,ZBTB14,t,-0.0790618879268462,0.936983397612103,541
4,consensus,ZBTB16,t,1.2533489972006,0.210078724183054,52
4,consensus,ZBTB17,t,-0.594989128154965,0.551850738219033,692
4,consensus,ZBTB18,t,-0.034223549029839,0.972698888127714,518
4,consensus,ZBTB32,t,0.405426189796874,0.68516426313786,274
4,consensus,ZBTB33,t,0.0346115730624199,0.972389473060791,483
4,consensus,ZBTB38,t,0.297789437689627,0.765863876538025,332
4,consensus,ZBTB4,t,-1.91913067209511,0.0549677986076912,739
4,consensus,ZBTB7A,t,0.248965517672819,0.803387454615567,360
4,consensus,ZBTB7B,t,0.448664020782658,0.653674042972869,249
4,consensus,ZEB1,t,-0.845684235491085,0.397728919816763,721
4,consensus,ZEB2,t,-0.0427341292513748,0.965913473202106,521
4,consensus,ZFHX3,t,0.725389844234709,0.468212901685392,134
4,consensus,ZFP42,t,0.307372361845837,0.758559962662585,325
4,consensus,ZFP64,t,-0.24871463789595,0.803581525174836,616
4,consensus,ZFPM1,t,-0.733305768049586,0.463371957808265,706
4,consensus,ZFPM2,t,0.64523802949036,0.518772945074306,158
4,consensus,ZGLP1,t,0.257133474526374,0.797075737154952,354
4,consensus,ZGPAT,t,0.488899368452956,0.624912942844943,225
4,consensus,ZHX2,t,0.244072727595141,0.807174494119766,363
4,consensus,ZIC1,t,0.201274378792234,0.840484035362502,385
4,consensus,ZIC2,t,0.454230185865598,0.649663158844881,245
4,consensus,ZKSCAN7,t,-0.0842187157617447,0.93288253802538,543
4,consensus,ZMYND8,t,0.0997852384459619,0.920514827567441,446
4,consensus,ZNF143,t,-0.597384604009235,0.550250630420164,693
4,consensus,ZNF148,t,0.0416485499497474,0.966778869531105,479
4,consensus,ZNF160,t,0.097165720490331,0.922594790283609,449
4,consensus,ZNF202,t,-1.34350778885927,0.179107605672072,735
4,consensus,ZNF217,t,0.381240552809679,0.703024760432122,283
4,consensus,ZNF219,t,0.110458313524737,0.912045908497588,444
4,consensus,ZNF236,t,0.0477050448716223,0.961951313456431,475
4,consensus,ZNF24,t,0.313736616695361,0.753721087776128,321
4,consensus,ZNF263,t,0.12038670390428,0.904176823545316,439
4,consensus,ZNF300,t,0.317579735782874,0.750803747460392,317
4,consensus,ZNF331,t,0.353662661753649,0.723591707961077,295
4,consensus,ZNF335,t,0.504021113280628,0.614246540376032,215
4,consensus,ZNF350,t,-0.16651016744705,0.867755482400798,583
4,consensus,ZNF354C,t,0.446560850112142,0.655192168097635,250
4,consensus,ZNF362,t,-0.118904445077476,0.905351060086184,558
4,consensus,ZNF382,t,0.33114228319689,0.740537014233037,311
4,consensus,ZNF384,t,0.697710625200164,0.485358181998139,140
4,consensus,ZNF395,t,-0.283144842444097,0.777065808138515,629
4,consensus,ZNF423,t,0.0129005258960377,0.989707155057437,492
4,consensus,ZNF436,t,0.381190704126395,0.70306174637995,284
4,consensus,ZNF699,t,0.333347840249408,0.738871731056377,309
4,consensus,ZNF76,t,-0.506640693177709,0.61240695035184,682
4,consensus,ZNF804A,t,0.261410742096085,0.793775773975533,351
4,consensus,ZNF91,t,0.74227420662764,0.457921216186024,125
4,consensus,ZXDC,t,-0.115278839913129,0.9082241098385,556
